source,definition,n,p10,median,p90,under_64_pct,under_32_pct
fathomnet,ann_bbox,1223807,23,101,341,34.39,15.90
fathomnet,crop_correct,1273774,24,96,335,35.43,15.52
fathomnet,frame_bbox,1273774,24,96,335,35.41,15.51
fathomnet,frame_bbox_used,1273774,24,96,335,35.43,15.52
fathomnet,image_dims,1273774,24,96,335,35.43,15.52
fathomnet,image_dims_lab,1223807,23,101,341,34.39,15.90
fathomnet,shard_native,1273774,24,96,335,35.43,15.52
fishwio,ann_bbox,113087,52,88,165,22.53,0.31
fishwio,crop_correct,114687,51,88,165,22.83,0.51
fishwio,frame_bbox,114687,51,88,165,22.82,0.51
fishwio,image_dims,114687,51,88,165,22.83,0.51
fishwio,image_dims_lab,113087,52,88,165,22.53,0.31
fishwio,shard_native,114687,51,88,165,22.83,0.51
ozfish,ann_bbox,80809,67,121,283,7.79,0.39
ozfish,crop_correct,80809,67,121,283,7.79,0.39
ozfish,frame_bbox,80809,67,121,283,7.79,0.39
ozfish,image_dims,80809,67,121,283,7.79,0.39
ozfish,image_dims_lab,80809,67,121,283,7.79,0.39
ozfish,shard_native,80809,67,121,283,7.79,0.39
yolo-bruv,ann_bbox,15945,24,47,112,67.88,22.87
yolo-bruv,crop_correct,15945,24,47,112,67.88,22.87
yolo-bruv,image_dims,2667,1080,1080,1080,0.00,0.00
yolo-bruv,image_dims_lab,2208,1080,1080,1080,0.00,0.00
yolo-bruv,shard_native,15945,25,47,112,67.24,21.90
