family,genus,species,n_rows,proposed_name,aphia_id,valid_name,rank,status,gbif_taxon_id
Pomacentridae,Abudefduf,Abudefduf sexfasciatus,285,Abudefduf sexfasciatus,159289,Abudefduf sexfasciatus,Species,AUTO,2398669
Pomacentridae,Abudefduf,Abudefduf sparoides,1372,Abudefduf sparoides,212862,Abudefduf sparoides,Species,AUTO,2398625
Pomacentridae,Abudefduf,Abudefduf vaigiensis,1446,Abudefduf vaigiensis,212879,Abudefduf vaigiensis,Species,AUTO,2398634
Acanthuridae,Acanthurus,Acanthurus leucosternon,1683,Acanthurus leucosternon,219628,Acanthurus leucosternon,Species,AUTO,5209210
Acanthuridae,Acanthurus,Acanthurus lineatus,927,Acanthurus lineatus,159582,Acanthurus lineatus,Species,AUTO,5209244
Acanthuridae,Acanthurus,Acanthurus nigricauda,410,Acanthurus nigricauda,219626,Acanthurus nigricauda,Species,AUTO,5209160
Acanthuridae,Acanthurus,Acanthurus tennenti,527,Acanthurus tennenti,219635,Acanthurus tennentii,Species,AUTO,5209206
Acanthuridae,Acanthurus,Acanthurus thompsoni,1369,Acanthurus thompsoni,219646,Acanthurus thompsoni,Species,AUTO,5209215
Serranidae,Aethaloperca,Aethaloperca rogaa,1208,Aethaloperca rogaa,218168,Aethaloperca rogaa,Species,AUTO,2388085
Monacanthidae,Amanses,Amanses scopas,93,Amanses scopas,212242,Amanses scopas,Species,AUTO,2406900
Pomacentridae,Amblyglyphidodon,Amblyglyphidodon indicus,939,Amblyglyphidodon indicus,277598,Amblyglyphidodon indicus,Species,AUTO,2398510
Labridae,Anampses,Anampses caeruleopunctatus,22,Anampses caeruleopunctatus,218920,Anampses caeruleopunctatus,Species,AUTO,2383466
Labridae,Anampses,Anampses lineatus,189,Anampses lineatus,218921,Anampses lineatus,Species,AUTO,2383476
Labridae,Anampses,Anampses meleagrides,431,Anampses meleagrides,218923,Anampses meleagrides,Species,AUTO,2383481
Labridae,Anampses,Anampses twistii,335,Anampses twistii,218918,Anampses twistii,Species,AUTO,2383491
Pomacanthidae,Apolemichthys,Apolemichthys trimaculatus,620,Apolemichthys trimaculatus,211787,Apolemichthys trimaculatus,Species,AUTO,2396564
Tetraodontidae,Arothron,Arothron nigropunctatus,388,Arothron nigropunctatus,219921,Arothron nigropunctatus,Species,AUTO,2407394
Aulostomidae,Aulostomus,Aulostomus chinensis,526,Aulostomus chinensis,217964,Aulostomus chinensis,Species,AUTO,2332603
Balistidae,Balistapus,Balistapus undulatus,1588,Balistapus undulatus,219874,Balistapus undulatus,Species,AUTO,2407167
Labridae,Bodianus,Bodianus diana,429,Bodianus diana,218931,Bodianus diana,Species,AUTO,5209719
Caesionidae,Caesio,Caesio lunaris,743,Caesio lunaris,219991,Caesio lunaris,Species,AUTO,2374772
Caesionidae,Caesio,Caesio xanthonota,2065,Caesio xanthonota,219994,Caesio xanthonota,Species,AUTO,2374795
Tetraodontidae,Canthigaster,Canthigaster bennetti,40,Canthigaster bennetti,219938,Canthigaster bennetti,Species,AUTO,2407713
Tetraodontidae,Canthigaster,Canthigaster valentini,254,Canthigaster valentini,219947,Canthigaster valentini,Species,AUTO,2407698
Carangidae,Caranx,Caranx melampygus,154,Caranx melampygus,218419,Caranx melampygus,Species,AUTO,2390750
Pomacanthidae,Centropyge,Centropyge multispinis,369,Centropyge multispinis,211774,Centropyge multispinis,Species,AUTO,2396554
Serranidae,Cephalopholis,Cephalopholis argus,1000,Cephalopholis argus,218174,Cephalopholis argus,Species,AUTO,2388891
Chaetodontidae,Chaetodon,Chaetodon auriga,1774,Chaetodon auriga,218730,Chaetodon auriga,Species,AUTO,2385390
Chaetodontidae,Chaetodon,Chaetodon falcula,418,Chaetodon falcula,218726,Chaetodon falcula,Species,AUTO,2385419
Chaetodontidae,Chaetodon,Chaetodon guttatissimus,1030,Chaetodon guttatissimus,218722,Chaetodon guttatissimus,Species,AUTO,2385514
Chaetodontidae,Chaetodon,Chaetodon kleinii,1474,Chaetodon kleinii,218738,Chaetodon kleinii,Species,AUTO,2385458
Chaetodontidae,Chaetodon,Chaetodon lunula,378,Chaetodon lunula,218733,Chaetodon lunula,Species,AUTO,2385531
Chaetodontidae,Chaetodon,Chaetodon melannotus,237,Chaetodon melannotus,218743,Chaetodon melannotus,Species,AUTO,2385556
Chaetodontidae,Chaetodon,Chaetodon meyeri,584,Chaetodon meyeri,218752,Chaetodon meyeri,Species,AUTO,2385494
Chaetodontidae,Chaetodon,Chaetodon trifascialis,3341,Chaetodon trifascialis,218719,Chaetodon trifascialis,Species,AUTO,2385428
Chaetodontidae,Chaetodon,Chaetodon trifasciatus,2248,Chaetodon trifasciatus,218741,Chaetodon trifasciatus,Species,AUTO,8333642
Labridae,Cheilinus,Cheilinus fasciatus,716,Cheilinus fasciatus,218940,Cheilinus fasciatus,Species,AUTO,2383309
Labridae,Cheilinus,Cheilinus trilobatus,409,Cheilinus trilobatus,218944,Cheilinus trilobatus,Species,AUTO,2383305
,Cheilio,Cheilio inermis,8,Cheilio inermis,218948,Cheilio inermis,Species,AUTO,
Scaridae,Chlorurus,Chlorurus sordidus,945,Chlorurus sordidus,219082,Chlorurus sordidus,Species,AUTO,5211134
Scaridae,Chlorurus,Chlorurus strongylocephalus,385,Chlorurus strongylocephalus,219086,Chlorurus strongylocephalus,Species,AUTO,5211133
Pomacentridae,Chromis,Chromis atripectoralis,305,Chromis atripectoralis,212812,Chromis atripectoralis,Species,AUTO,5212173
Pomacentridae,Chromis,Chromis lepidolepis,441,Chromis lepidolepis,212795,Azurina lepidolepis,Species,AUTO,5212158
Pomacentridae,Chromis,Chromis nigroanalis,440,Chromis nigroanalis,212797,Chromis nigroanalis,Species,AUTO,5212192
Pomacentridae,Chromis,Chromis nigrura,416,Chromis nigrura,212799,Pycnochromis nigrurus,Species,AUTO,5212174
Pomacentridae,Chromis,Chromis opercularis,405,Chromis opercularis,212798,Chromis opercularis,Species,AUTO,5212164
Pomacentridae,Chromis,Chromis ternatensis,1776,Chromis ternatensis,212810,Chromis ternatensis,Species,AUTO,5212275
Pomacentridae,Chromis,Chromis viridis,974,Chromis viridis,212811,Chromis viridis,Species,AUTO,5212219
Pomacentridae,Chromis,Chromis weberi,3101,Chromis weberi,212817,Chromis weberi,Species,AUTO,5212140
Acanthuridae,Ctenochaetus,Ctenochaetus striatus,1432,Ctenochaetus striatus,219659,Ctenochaetus striatus,Species,AUTO,2379621
Acanthuridae,Ctenochaetus,Ctenochaetus truncatus,704,Ctenochaetus truncatus,277563,Ctenochaetus truncatus,Species,AUTO,2379642
Pomacentridae,Dascyllus,Dascyllus trimaculatus,759,Dascyllus trimaculatus,212846,Dascyllus trimaculatus,Species,AUTO,5212031
Labridae,Epibulus,Epibulus insidiator,120,Epibulus insidiator,218972,Epibulus insidiator,Species,AUTO,2383808
Serranidae,Epinephelus,Epinephelus rivulatus,11,Epinephelus rivulatus,218216,Epinephelus rivulatus,Species,AUTO,2388492
Fistulariidae,Fistularia,Fistularia commersonii,179,Fistularia commersonii,217966,Fistularia commersonii,Species,AUTO,5200938
Chaetodontidae,Forcipiger,Forcipiger flavissimus,313,Forcipiger flavissimus,218760,Forcipiger flavissimus,Species,AUTO,2385706
Lethrinidae,Gnathodentex,Gnathodentex aureolineatus,500,Gnathodentex aureolineatus,218574,Gnathodentex aureolineatus,Species,AUTO,2374957
Labridae,Gomphosus,Gomphosus caeruleus,4097,Gomphosus caeruleus,218976,Gomphosus caeruleus,Species,AUTO,2383023
Serranidae,Gracila,Gracila albomarginata,650,Gracila albomarginata,218255,Gracila albomarginata,Species,AUTO,2387970
Muraenidae,Gymnothorax,Gymnothorax javanicus,235,Gymnothorax javanicus,217502,Gymnothorax javanicus,Species,AUTO,2403808
Labridae,Halichoeres,Halichoeres cosmetus,278,Halichoeres cosmetus,218984,Halichoeres cosmetus,Species,AUTO,2384073
Labridae,Halichoeres,Halichoeres hortulanus,2801,Halichoeres hortulanus,218985,Halichoeres hortulanus,Species,AUTO,2384141
Labridae,Halichoeres,Halichoeres marginatus,470,Halichoeres marginatus,218991,Halichoeres marginatus,Species,AUTO,2384102
Labridae,Halichoeres,Halichoeres scapularis,355,Halichoeres scapularis,218990,Halichoeres scapularis,Species,AUTO,2384164
Labridae,Hemigymnus,Hemigymnus fasciatus,1425,Hemigymnus fasciatus,218999,Hemigymnus fasciatus,Species,AUTO,2383744
Labridae,Hemigymnus,Hemigymnus melapterus,22,Hemigymnus melapterus,218998,Hemigymnus melapterus,Species,AUTO,2383739
Chaetodontidae,Hemitaurichthys,Hemitaurichthys zoster,665,Hemitaurichthys zoster,218762,Hemitaurichthys zoster,Species,AUTO,2385643
Chaetodontidae,Heniochus,Heniochus acuminatus,640,Heniochus acuminatus,218765,Heniochus acuminatus,Species,AUTO,2385730
Chaetodontidae,Heniochus,Heniochus monoceros,275,Heniochus monoceros,218764,Heniochus monoceros,Species,AUTO,2385719
Kyphosidae,Kyphosus,Kyphosus cinerascens,313,Kyphosus cinerascens,218708,Kyphosus cinerascens,Species,AUTO,2381309
Labridae,Labrichthys,Labrichthys unilineatus,697,Labrichthys unilineatus,219013,Labrichthys unilineatus,Species,AUTO,2383133
Labridae,Labroides,Labroides bicolor,614,Labroides bicolor,219015,Labroides bicolor,Species,AUTO,2383735
Labridae,Labroides,Labroides dimidiatus,1966,Labroides dimidiatus,219014,Labroides dimidiatus,Species,AUTO,2383731
Lutjanidae,Lutjanus,Lutjanus bohar,2192,Lutjanus bohar,218479,Lutjanus bohar,Species,AUTO,2384758
Lutjanidae,Lutjanus,Lutjanus gibbus,706,Lutjanus gibbus,218480,Lutjanus gibbus,Species,AUTO,2385035
Lutjanidae,Lutjanus,Lutjanus kasmira,573,Lutjanus kasmira,218482,Lutjanus kasmira,Species,AUTO,2385129
Lutjanidae,Macolor,Macolor niger,1370,Macolor niger,218501,Macolor niger,Species,AUTO,2385207
Balistidae,Melichthys,Melichthys indicus,478,Melichthys indicus,219882,Melichthys indicus,Species,AUTO,2407156
Lethrinidae,Monotaxis,Monotaxis grandoculis,3012,Monotaxis grandoculis,218584,Monotaxis grandoculis,Species,AUTO,5208715
Holocentridae,Myripristis,Myripristis berndti,266,Myripristis berndti,217927,Myripristis berndti,Species,AUTO,2357002
Acanthuridae,Naso,Naso brachycentron,132,Naso brachycentron,219664,Naso brachycentron,Species,AUTO,5209101
Acanthuridae,Naso,Naso brevirostris,741,Naso brevirostris,219671,Naso brevirostris,Species,AUTO,9760005
Acanthuridae,Naso,Naso elegans,4751,Naso elegans,278005,Naso elegans,Species,AUTO,5209095
Acanthuridae,Naso,Naso hexacanthus,698,Naso hexacanthus,219667,Naso hexacanthus,Species,AUTO,5209121
Acanthuridae,Naso,Naso unicornis,98,Naso unicornis,219668,Naso unicornis,Species,AUTO,5209124
Acanthuridae,Naso,Naso vlamingii,1073,Naso vlamingii,219672,Naso vlamingii,Species,AUTO,5209104
Balistidae,Odonus,Odonus niger,783,Odonus niger,219883,Odonus niger,Species,AUTO,2407210
Labridae,Oxycheilinus,Oxycheilinus digramma,660,Oxycheilinus digramma,277996,Oxycheilinus digramma,Species,AUTO,2384370
Monacanthidae,Oxymonacanthus,Oxymonacanthus longirostris,1100,Oxymonacanthus longirostris,220063,Oxymonacanthus longirostris,Species,AUTO,2406917
Cirrhitidae,Paracirrhites,Paracirrhites arcatus,164,Paracirrhites arcatus,218866,Paracirrhites arcatus,Species,AUTO,5208726
Cirrhitidae,Paracirrhites,Paracirrhites forsteri,298,Paracirrhites forsteri,218867,Paracirrhites forsteri,Species,AUTO,5208733
Pinguipedidae,Parapercis,Parapercis hexophtalma,812,Parapercis hexophtalma,219159,Parapercis hexophtalma,Species,AUTO,5210026
Mullidae,Parupeneus,Parupeneus barberinus,546,Parupeneus barberinus,218660,Parupeneus barberinus,Species,AUTO,2396650
Mullidae,Parupeneus,Parupeneus cyclostomus,667,Parupeneus cyclostomus,218665,Parupeneus cyclostomus,Species,AUTO,2396655
Mullidae,Parupeneus,Parupeneus macronemus,2090,Parupeneus macronemus,277817,Parupeneus macronemus,Species,AUTO,2396631
Mullidae,Parupeneus,Parupeneus pleurostigma,121,Parupeneus pleurostigma,218656,Parupeneus pleurostigma,Species,AUTO,2396678
Mullidae,Parupeneus,Parupeneus trifasciatus,613,Parupeneus trifasciatus,277826,Parupeneus trifasciatus,Species,AUTO,2396624
Blenniidae,Plagiotremus,Plagiotremus tapeinosoma,204,Plagiotremus tapeinosoma,219335,Plagiotremus tapeinosoma,Species,AUTO,2395993
Pomacentridae,Plectroglyphidodon,Plectroglyphidodon dickii,917,Plectroglyphidodon dickii,212855,Plectroglyphidodon dickii,Species,AUTO,2398924
Pomacentridae,Plectroglyphidodon,Plectroglyphidodon lacrymatus,949,Plectroglyphidodon lacrymatus,212860,Stegastes lacrymatus,Species,AUTO,2398933
Serranidae,Plectropomus,Plectropomus laevis,688,Plectropomus laevis,218260,Plectropomus laevis,Species,AUTO,5210141
Pomacanthidae,Pomacanthus,Pomacanthus imperator,1169,Pomacanthus imperator,220001,Pomacanthus imperator,Species,AUTO,2396426
Pomacentridae,Pomacentrus,Pomacentrus caeruleus,180,Pomacentrus caeruleus,212993,Pomacentrus caeruleus,Species,AUTO,2398286
Pomacentridae,Pomacentrus,Pomacentrus sulfureus,3014,Pomacentrus sulfureus,212964,Pomacentrus sulfureus,Species,AUTO,2398340
Serranidae,Pseudanthias,Pseudanthias evansi,242,Pseudanthias evansi,218281,Mirolabrichthys evansi,Species,AUTO,2387663
Serranidae,Pseudanthias,Pseudanthias squamipinnis,1360,Pseudanthias squamipinnis,218278,Pseudanthias squamipinnis,Species,AUTO,2387652
Labridae,Pseudodax,Pseudodax moluccanus,52,Pseudodax moluccanus,219046,Pseudodax moluccanus,Species,AUTO,2383918
Caesionidae,Pterocaesio,Pterocaesio tile,388,Pterocaesio tile,213656,Pterocaesio tile,Species,AUTO,2374759
Pomacentridae,Chromis,Pycnochromis fieldi,1679,Pycnochromis fieldi,1605307,Pycnochromis fieldi,Species,AUTO,12129680
Pomacanthidae,Pygoplites,Pygoplites diacanthus,1709,Pygoplites diacanthus,211773,Pygoplites diacanthus,Species,AUTO,2396596
Holocentridae,Sargocentron,Sargocentron caudimaculatum,555,Sargocentron caudimaculatum,217940,Sargocentron caudimaculatum,Species,AUTO,2356824
Holocentridae,Sargocentron,Sargocentron diadema,290,Sargocentron diadema,217947,Sargocentron diadema,Species,AUTO,2356867
,Scarus,Scarus caudofasciatus,3,Scarus caudofasciatus,219110,Scarus caudofasciatus,Species,AUTO,
Scaridae,Scarus,Scarus frenatus,555,Scarus frenatus,219113,Scarus frenatus,Species,AUTO,2393569
Scaridae,Scarus,Scarus niger,104,Scarus niger,219129,Scarus niger,Species,AUTO,2393689
Scaridae,Scarus,Scarus tricolor,1069,Scarus tricolor,219098,Scarus tricolor,Species,AUTO,2393638
Siganidae,Siganus,Siganus argenteus,247,Siganus argenteus,219686,Siganus argenteus,Species,AUTO,2390180
Labridae,Stethojulis,Stethojulis albovittata,235,Stethojulis albovittata,219058,Stethojulis albovittata,Species,AUTO,2383410
Balistidae,Sufflamen,Sufflamen bursa,224,Sufflamen bursa,219894,Sufflamen bursa,Species,AUTO,2407198
Balistidae,Sufflamen,Sufflamen chrysopterum,243,Sufflamen chrysopterum,276851,Sufflamen chrysopterum,Species,AUTO,2407192
Labridae,Thalassoma,Thalassoma amblycephalum,595,Thalassoma amblycephalum,212216,Thalassoma amblycephalum,Species,AUTO,2384453
Labridae,Thalassoma,Thalassoma hardwicke,3531,Thalassoma hardwicke,212217,Thalassoma hardwicke,Species,AUTO,2384460
Labridae,Thalassoma,Thalassoma hebraicum,1093,Thalassoma hebraicum,212207,Thalassoma hebraicum,Species,AUTO,2384556
Labridae,Thalassoma,Thalassoma lunare,602,Thalassoma lunare,212209,Thalassoma lunare,Species,AUTO,2384468
Serranidae,Variola,Variola louti,395,Variola louti,218304,Variola louti,Species,AUTO,2389100
Zanclidae,Zanclus,Zanclus cornutus,2586,Zanclus cornutus,220083,Zanclus cornutus,Species,AUTO,2374663
Acanthuridae,Zebrasoma,Zebrasoma desjardinii,154,Zebrasoma desjardinii,277555,Zebrasoma desjardinii,Species,AUTO,2379874
Acanthuridae,Zebrasoma,Zebrasoma scopas,3373,Zebrasoma scopas,219679,Zebrasoma scopas,Species,AUTO,2379864
